,pH,Temprature,Taste,Odor,Fat ,Turbidity,Colour,Grade
0,6.6,35,1,0.0,1,0,254,high
1,6.6,36,0,1.0,0,1,253,high
2,8.5,70,1,1.0,1,1,246,low
3,9.5,34,1,1.0,0,1,255,low
4,6.6,37,0,396772.0,0,0,255,medium
5,6.6,37,1,1.0,1,1,255,high
6,5.5,45,1,331289.0,1,1,250,low
7,4.5,60,0,1.0,1,1,250,low
8,8.1,66,1,0.0,1,1,255,low
9,6.7,45,1,1.0,0,0,247,medium
10,6.7,45,1,1.0,1,0,245,medium
11,5.6,50,0,1.0,1,1,255,low
12,8.6,55,0,,1,1,255,low
13,7.4,90,1,0.0,1,1,255,low
14,6.8,45,0,1.0,1,1,255,high
15,6.5,38,1,0.0,0,0,255,medium
16,4.7,38,1,0.0,1,0,255,low
17,3.0,40,1,1.0,1,1,255,low
18,9.0,43,1,0.0,1,1,250,low
19,6.8,40,1,0.0,1,0,245,medium
20,6.6,45,0,1.0,1,1,250,high
21,6.5,36,0,0.0,1,0,255,medium
22,4.5,38,0,1.0,1,1,255,low
23,6.6,45,1,1.0,1,1,245,high
24,6.8,35,1,0.0,1,0,246,medium
25,6.5,36,0,1.0,1,0,253,high
26,8.5,70,0,0.0,0,0,246,low
27,6.6,34,0,0.0,0,1,240,medium
28,6.5,37,0,0.0,0,0,245,medium
29,6.6,37,1,313758.0,1,0,255,high
30,6.4,45,0,1.0,0,0,240,medium
31,6.5,40,0,1.0,0,1,250,low
32,6.8,42,1,1.0,1,1,255,high
33,6.7,41,1,0.0,0,0,247,medium
34,6.7,50,1,1.0,1,0,245,low
35,6.8,45,0,1.0,1,1,255,high
36,8.6,55,0,1.0,0,0,255,low
37,7.4,65,0,0.0,0,0,255,low
38,6.8,41,0,232778.0,0,0,255,medium
39,6.5,38,1,1.0,1,1,255,high
40,6.8,38,0,0.0,0,0,255,medium
41,3.0,40,1,0.0,0,0,255,low
42,9.0,43,1,1.0,1,1,248,low
43,6.8,40,1,1.0,1,1,255,high
44,6.6,45,0,0.0,0,1,250,medium
45,6.5,36,0,0.0,0,0,247,medium
46,6.6,38,0,0.0,0,0,255,medium
47,6.8,45,1,1.0,1,0,245,high
48,9.5,34,1,1.0,0,1,255,low
49,6.5,37,0,0.0,0,0,255,medium
50,6.6,37,1,1.0,1,1,255,high
51,5.5,45,1,0.0,1,1,250,low
52,4.5,60,0,1.0,1,1,250,low
53,8.1,66,1,56952.0,1,1,255,low
54,6.7,45,1,1.0,0,0,247,medium
55,6.7,45,1,1.0,1,0,245,medium
56,5.6,50,0,1.0,1,1,255,low
57,8.6,55,0,1.0,1,1,255,low
58,7.4,90,1,0.0,1,1,255,low
59,6.8,45,0,0.0,1,0,255,medium
60,6.5,38,1,0.0,1,0,255,medium
61,6.7,38,1,491462.0,1,0,255,high
62,3.0,40,1,1.0,1,1,255,low
63,9.0,43,1,,1,1,250,low
64,8.6,55,0,1.0,1,1,255,low
65,6.8,45,0,0.0,0,1,255,medium
66,6.8,45,0,1.0,1,1,255,high
67,6.5,38,1,0.0,0,0,255,medium
68,4.7,38,1,0.0,1,0,255,low
69,3.0,40,1,1.0,1,1,255,low
70,9.0,43,1,0.0,1,1,250,low
71,6.8,40,1,0.0,1,0,245,medium
72,6.6,45,0,1.0,1,1,250,high
73,6.5,36,0,0.0,1,0,255,medium
74,4.5,38,0,1.0,1,1,255,low
75,6.8,45,1,1.0,1,1,245,high
76,6.5,35,1,0.0,1,0,246,medium
77,6.8,36,0,1.0,1,0,253,high
78,8.5,70,0,0.0,0,0,246,low
79,6.8,34,0,0.0,0,1,240,medium
80,6.5,37,0,0.0,0,0,245,medium
81,6.6,37,1,0.0,1,0,255,high
82,6.8,45,0,1.0,0,0,240,medium
83,7.4,65,0,0.0,0,0,255,low
84,6.8,41,0,0.0,1,0,255,medium
85,6.5,38,1,1.0,1,1,255,high
86,6.6,38,0,0.0,0,0,255,medium
87,3.0,40,1,0.0,0,0,255,low
88,9.0,43,1,1.0,1,1,248,low
89,6.8,40,1,1.0,1,1,255,high
90,6.6,50,0,0.0,0,1,250,low
91,6.5,36,0,0.0,0,0,247,medium
92,6.6,50,0,0.0,0,0,255,low
93,6.8,45,1,1.0,1,0,245,high
94,9.5,34,1,1.0,0,1,255,low
95,6.5,37,0,0.0,0,0,255,medium
96,9.5,34,1,1.0,0,1,255,low
97,6.5,37,0,0.0,0,0,255,medium
98,6.6,37,1,1.0,1,1,255,high
99,5.5,45,1,302778.0,1,1,250,low
100,4.5,60,0,1.0,1,1,250,low
101,8.1,66,1,0.0,1,1,255,low
102,6.7,45,1,1.0,0,0,247,medium
103,6.7,45,1,1.0,1,0,245,medium
104,5.6,50,0,1.0,1,1,255,low
105,6.6,35,0,1.0,1,1,255,high
106,7.4,90,1,0.0,1,1,255,low
107,6.8,50,0,0.0,1,0,255,low
108,6.5,38,1,0.0,1,0,255,medium
109,6.7,38,1,0.0,1,0,255,high
110,3.0,40,1,1.0,1,1,255,low
111,6.6,43,1,0.0,1,1,250,high
112,8.6,55,0,1.0,1,1,255,low
113,6.8,45,0,0.0,0,1,255,medium
114,6.8,45,0,1.0,1,1,255,high
115,6.5,38,1,0.0,0,0,255,medium
116,6.6,38,1,0.0,1,0,255,high
117,3.0,40,1,1.0,1,1,255,low
118,9.0,43,1,0.0,1,1,250,low
119,6.8,40,1,,1,0,245,medium
120,6.6,45,0,0.0,0,1,250,medium
121,6.5,36,0,0.0,1,0,255,medium
122,6.6,38,0,0.0,1,0,255,medium
123,6.8,45,1,1.0,1,1,245,high
124,6.5,55,1,0.0,1,0,246,low
125,6.8,36,0,1.0,1,0,253,high
126,8.5,70,0,0.0,0,0,246,low
127,6.8,40,1,0.0,1,0,245,medium
128,6.6,45,0,1.0,1,1,250,high
129,6.5,36,0,0.0,1,0,255,medium
130,4.5,38,0,1.0,1,1,255,low
131,6.8,45,1,1.0,1,1,245,high
132,6.5,35,1,0.0,1,0,246,medium
133,6.8,36,0,1.0,1,0,253,high
134,8.5,70,0,0.0,0,0,246,low
135,6.8,34,0,0.0,0,1,240,medium
136,6.5,37,0,0.0,0,0,245,medium
137,6.6,37,1,0.0,1,0,255,high
138,6.8,45,0,1.0,0,0,240,medium
139,7.4,65,0,0.0,0,0,255,low
140,6.8,41,0,0.0,1,0,255,medium
141,6.5,38,1,1.0,1,1,255,high
142,6.6,38,0,0.0,0,0,255,medium
143,3.0,40,1,0.0,0,0,255,low
144,9.0,43,1,1.0,1,1,248,low
145,6.8,40,1,1.0,1,1,255,high
146,6.6,50,0,0.0,0,1,250,low
147,6.5,36,0,0.0,0,0,247,medium
148,6.6,50,0,0.0,0,0,255,low
149,6.8,45,1,1.0,1,0,245,high
150,9.5,34,1,1.0,0,1,255,low
151,6.5,37,0,0.0,0,0,255,medium
152,9.5,34,1,1.0,0,1,255,low
153,6.5,37,0,0.0,0,0,255,medium
154,6.6,37,1,1.0,1,1,255,high
155,5.5,45,1,0.0,1,1,250,low
156,4.5,60,0,1.0,1,1,250,low
157,8.1,66,1,0.0,1,1,255,low
158,6.7,45,1,1.0,0,0,247,medium
159,6.7,45,1,1.0,1,0,245,medium
160,5.6,50,0,1.0,1,1,255,low
161,6.6,35,0,1.0,1,1,255,high
162,7.4,90,1,0.0,1,1,255,low
163,6.8,50,0,0.0,1,0,255,low
164,6.5,38,1,0.0,1,0,255,medium
165,6.7,41,1,0.0,0,0,247,medium
166,6.7,50,1,1.0,1,0,245,low
167,6.8,45,0,1.0,1,1,255,high
168,8.6,55,0,1.0,0,0,255,low
169,7.4,65,0,0.0,0,0,255,low
170,6.8,41,0,0.0,0,0,255,medium
171,6.5,38,1,1.0,1,1,255,high
172,6.8,38,0,0.0,0,0,255,medium
173,3.0,40,1,0.0,0,0,255,low
174,9.0,43,1,1.0,1,1,248,low
175,6.8,40,1,1.0,1,1,255,high
176,6.6,45,0,0.0,0,1,250,medium
177,6.5,36,0,0.0,0,0,247,medium
178,6.6,38,0,,0,0,255,medium
179,6.8,45,1,1.0,1,0,245,high
180,9.5,34,1,1.0,0,1,255,low
181,6.5,37,0,0.0,0,0,255,medium
182,6.6,37,1,1.0,1,1,255,high
183,5.5,45,1,0.0,1,1,250,low
184,4.5,60,0,1.0,1,1,250,low
185,8.1,66,1,0.0,1,1,255,low
186,6.7,45,1,1.0,0,0,247,medium
187,6.7,45,1,1.0,1,0,245,medium
188,5.6,50,0,,1,1,255,low
189,8.6,55,0,1.0,1,1,255,low
190,7.4,90,1,554229.0,1,1,255,low
191,6.8,45,0,0.0,1,0,255,medium
192,6.5,38,1,0.0,1,0,255,medium
193,6.7,38,1,0.0,1,0,255,high
194,3.0,40,1,,1,1,255,low
195,9.0,43,1,0.0,1,1,250,low
196,8.6,55,0,1.0,1,1,255,low
197,6.8,45,0,0.0,0,1,255,medium
198,6.8,45,0,11050.0,1,1,255,high
199,6.5,38,1,0.0,0,0,255,medium
200,4.7,38,1,0.0,1,0,255,low
201,3.0,40,1,1.0,1,1,255,low
202,9.0,43,1,0.0,1,1,250,low
203,6.8,40,1,0.0,1,0,245,medium
204,6.5,37,0,0.0,0,0,255,medium
205,6.6,37,1,1.0,1,1,255,high
206,5.5,45,1,0.0,1,1,250,low
207,4.5,60,0,1.0,1,1,250,low
208,8.1,66,1,0.0,1,1,255,low
209,6.7,45,1,1.0,0,0,247,medium
210,6.7,45,1,1.0,1,0,245,medium
211,5.6,50,0,1.0,1,1,255,low
212,8.6,55,0,1.0,1,1,255,low
213,7.4,90,1,0.0,1,1,255,low
214,6.8,45,0,0.0,1,0,255,medium
215,6.5,38,1,0.0,1,0,255,medium
216,6.7,38,1,0.0,1,0,255,high
217,3.0,40,1,1.0,1,1,255,low
218,9.0,43,1,,1,1,250,low
219,8.6,55,0,1.0,1,1,255,low
220,6.8,45,0,,0,1,255,medium
221,6.8,45,0,1.0,1,1,255,high
222,6.5,38,1,0.0,0,0,255,medium
223,4.7,38,1,0.0,1,0,255,low
224,3.0,40,1,1.0,1,1,255,low
225,9.0,43,1,0.0,1,1,250,low
226,6.8,40,1,0.0,1,0,245,medium
227,6.6,45,0,1.0,1,1,250,high
228,6.5,36,0,0.0,1,0,255,medium
229,4.5,38,0,1.0,1,1,255,low
230,6.8,45,1,1.0,1,1,245,high
231,6.5,35,1,0.0,1,0,246,medium
232,6.8,36,0,1.0,1,0,253,high
233,8.5,70,0,0.0,0,0,246,low
234,6.8,34,0,0.0,0,1,240,medium
235,6.5,37,0,0.0,0,0,245,medium
236,6.6,37,1,0.0,1,0,255,high
237,6.8,45,0,1.0,0,0,240,medium
238,7.4,65,0,0.0,0,0,255,low
239,6.8,41,0,0.0,1,0,255,medium
240,6.5,38,1,1.0,1,1,255,high
241,6.6,38,0,0.0,0,0,255,medium
242,3.0,40,1,,0,0,255,low
243,9.0,43,1,1.0,1,1,248,low
244,6.5,38,1,0.0,1,0,255,medium
245,6.7,38,1,0.0,1,0,255,high
246,3.0,40,1,1.0,1,1,255,low
247,6.6,43,1,0.0,1,1,250,high
248,8.6,55,0,1.0,1,1,255,low
249,6.8,45,0,0.0,0,1,255,medium
250,6.8,45,0,1.0,1,1,255,high
251,6.5,38,1,0.0,0,0,255,medium
252,6.6,38,1,0.0,1,0,255,high
253,3.0,40,1,1.0,1,1,255,low
254,9.0,43,1,0.0,1,1,250,low
255,6.8,40,1,0.0,1,0,245,medium
256,6.6,45,0,0.0,0,1,250,medium
257,6.5,36,0,0.0,1,0,255,medium
258,6.6,38,0,724899.0,1,0,255,medium
259,6.8,45,1,1.0,1,1,245,high
260,6.5,55,1,0.0,1,0,246,low
261,6.8,36,0,1.0,1,0,253,high
262,8.5,70,0,0.0,0,0,246,low
263,6.8,40,1,0.0,1,0,245,medium
264,6.6,45,0,1.0,1,1,250,high
265,6.5,36,0,0.0,1,0,255,medium
266,4.5,38,0,1.0,1,1,255,low
267,6.8,45,1,1.0,1,1,245,high
268,6.5,35,1,0.0,1,0,246,medium
269,6.8,36,0,1.0,1,0,253,high
270,8.5,70,0,0.0,0,0,246,low
271,6.8,34,0,0.0,0,1,240,medium
272,9.0,43,1,21640.0,1,1,248,low
273,6.8,40,1,1.0,1,1,255,high
274,6.6,50,0,0.0,0,1,250,low
275,6.5,36,0,0.0,0,0,247,medium
276,6.6,50,0,0.0,0,0,255,low
277,6.8,45,1,1.0,1,0,245,high
278,9.5,34,1,1.0,0,1,255,low
279,6.5,37,0,0.0,0,0,255,medium
280,9.5,34,1,1.0,0,1,255,low
281,6.5,37,0,0.0,0,0,255,medium
282,6.6,37,1,1.0,1,1,255,high
283,5.5,45,1,0.0,1,1,250,low
284,4.5,60,0,1.0,1,1,250,low
285,8.1,66,1,0.0,1,1,255,low
286,6.7,45,1,1.0,0,0,247,medium
287,6.7,45,1,1.0,1,0,245,medium
288,5.6,50,0,1.0,1,1,255,low
289,6.6,35,0,1.0,1,1,255,high
290,7.4,90,1,0.0,1,1,255,low
291,6.8,50,0,0.0,1,0,255,low
292,6.5,38,1,0.0,1,0,255,medium
293,6.7,41,1,0.0,0,0,247,medium
294,6.7,50,1,1.0,1,0,245,low
295,6.8,45,0,1.0,1,1,255,high
296,8.6,55,0,1.0,0,0,255,low
297,7.4,65,0,0.0,0,0,255,low
298,6.8,41,0,0.0,0,0,255,medium
299,6.5,38,1,1.0,1,1,255,high
300,6.8,38,0,0.0,0,0,255,medium
301,3.0,40,1,0.0,0,0,255,low
302,9.0,43,1,1.0,1,1,248,low
303,6.8,40,1,1.0,1,1,255,high
304,6.6,45,0,0.0,0,1,250,medium
305,6.5,36,0,,0,0,247,medium
306,6.6,38,0,0.0,0,0,255,medium
307,6.8,45,1,1.0,1,0,245,high
308,9.5,34,1,1.0,0,1,255,low
309,6.5,37,0,0.0,0,0,255,medium
310,6.6,37,1,1.0,1,1,255,high
311,5.5,45,1,0.0,1,1,250,low
312,4.5,60,0,1.0,1,1,250,low
313,8.1,66,1,0.0,1,1,255,low
314,6.7,45,1,1.0,0,0,247,medium
315,6.7,45,1,1.0,1,0,245,medium
316,5.6,50,0,1.0,1,1,255,low
317,8.6,55,0,1.0,1,1,255,low
318,7.4,90,1,0.0,1,1,255,low
319,6.8,45,0,0.0,1,0,255,medium
320,6.5,38,1,0.0,1,0,255,medium
321,6.7,38,1,0.0,1,0,255,high
322,3.0,40,1,1.0,1,1,255,low
323,9.0,43,1,0.0,1,1,250,low
324,8.6,55,0,1.0,1,1,255,low
325,6.8,45,0,0.0,0,1,255,medium
326,6.8,45,0,1.0,1,1,255,high
327,6.5,38,1,0.0,0,0,255,medium
328,4.7,38,1,0.0,1,0,255,low
329,3.0,40,1,1.0,1,1,255,low
330,9.0,43,1,,1,1,250,low
331,6.8,40,1,0.0,1,0,245,medium
332,6.5,37,0,0.0,0,0,255,medium
333,6.6,37,1,1.0,1,1,255,high
334,5.5,45,1,0.0,1,1,250,low
335,4.5,60,0,1.0,1,1,250,low
336,8.1,66,1,0.0,1,1,255,low
337,6.7,45,1,1.0,0,0,247,medium
338,6.7,45,1,1.0,1,0,245,medium
339,5.6,50,0,1.0,1,1,255,low
340,8.6,55,0,1.0,1,1,255,low
341,7.4,90,1,737495.0,1,1,255,low
342,6.8,45,0,857768.0,1,0,255,medium
343,6.5,38,1,264821.0,1,0,255,medium
344,6.7,38,1,0.0,1,0,255,high
345,3.0,40,1,1.0,1,1,255,low
346,9.0,43,1,0.0,1,1,250,low
347,8.6,55,0,1.0,1,1,255,low
348,6.8,45,0,,0,1,255,medium
349,6.8,45,0,1.0,1,1,255,high
350,6.5,38,1,0.0,0,0,255,medium
351,4.7,38,1,0.0,1,0,255,low
352,3.0,40,1,1.0,1,1,255,low
353,9.0,43,1,0.0,1,1,250,low
354,6.8,40,1,0.0,1,0,245,medium
355,6.6,45,0,1.0,1,1,250,high
356,6.5,36,0,0.0,1,0,255,medium
357,4.5,38,0,444906.0,1,1,255,low
358,6.8,45,1,1.0,1,1,245,high
359,6.5,35,1,0.0,1,0,246,medium
360,6.8,36,0,1.0,1,0,253,high
361,8.5,70,0,0.0,0,0,246,low
362,6.8,34,0,657859.0,0,1,240,medium
363,6.5,37,0,0.0,0,0,245,medium
364,6.6,37,1,0.0,1,0,255,high
365,6.8,45,0,1.0,0,0,240,medium
366,7.4,65,0,0.0,0,0,255,low
367,6.8,41,0,0.0,1,0,255,medium
368,6.5,38,1,1.0,1,1,255,high
369,6.6,38,0,0.0,0,0,255,medium
370,3.0,40,1,,0,0,255,low
371,9.0,43,1,1.0,1,1,248,low
372,6.5,38,1,0.0,1,0,255,medium
373,6.7,38,1,0.0,1,0,255,high
374,3.0,40,1,1.0,1,1,255,low
375,6.6,43,1,0.0,1,1,250,high
376,8.6,55,0,1.0,1,1,255,low
377,6.8,45,0,0.0,0,1,255,medium
378,6.8,45,0,1.0,1,1,255,high
379,6.5,38,1,0.0,0,0,255,medium
380,6.6,38,1,0.0,1,0,255,high
381,3.0,40,1,1.0,1,1,255,low
382,9.0,43,1,,1,1,250,low
383,6.8,40,1,0.0,1,0,245,medium
384,6.6,45,0,0.0,0,1,250,medium
385,6.5,36,0,0.0,1,0,255,medium
386,6.8,45,0,1.0,1,1,255,high
387,6.5,38,1,0.0,0,0,255,medium
388,4.7,38,1,0.0,1,0,255,low
389,3.0,40,1,1.0,1,1,255,low
390,9.0,43,1,0.0,1,1,250,low
391,6.8,40,1,0.0,1,0,245,medium
392,6.6,45,0,1.0,1,1,250,high
393,6.5,36,0,0.0,1,0,255,medium
394,4.5,38,0,1.0,1,1,255,low
395,6.8,45,1,1.0,1,1,245,high
396,6.5,35,1,0.0,1,0,246,medium
397,6.8,36,0,1.0,1,0,253,high
398,8.5,70,0,0.0,0,0,246,low
399,6.8,34,0,0.0,0,1,240,medium
400,6.5,37,0,0.0,0,0,245,medium
401,6.6,37,1,0.0,1,0,255,high
402,6.8,45,0,1.0,0,0,240,medium
403,7.4,65,0,0.0,0,0,255,low
404,6.8,41,0,0.0,1,0,255,medium
405,6.5,38,1,1.0,1,1,255,high
406,6.6,38,0,0.0,0,0,255,medium
407,3.0,40,1,0.0,0,0,255,low
408,9.0,43,1,1.0,1,1,248,low
409,6.8,40,1,1.0,1,1,255,high
410,6.6,50,0,0.0,0,1,250,low
411,6.5,36,0,701796.0,0,0,247,medium
412,6.6,50,0,0.0,0,0,255,low
413,6.8,45,1,1.0,1,0,245,high
414,9.5,34,1,1.0,0,1,255,low
415,6.5,37,0,0.0,0,0,255,medium
416,9.5,34,1,1.0,0,1,255,low
417,6.5,37,0,0.0,0,0,255,medium
418,6.6,37,1,1.0,1,1,255,high
419,5.5,45,1,0.0,1,1,250,low
420,4.5,60,0,1.0,1,1,250,low
421,8.1,66,1,0.0,1,1,255,low
422,6.7,45,1,1.0,0,0,247,medium
423,6.7,45,1,1.0,1,0,245,medium
424,5.6,50,0,1.0,1,1,255,low
425,6.6,35,0,1.0,1,1,255,high
426,7.4,90,1,0.0,1,1,255,low
427,6.8,50,0,0.0,1,0,255,low
428,6.5,38,1,0.0,1,0,255,medium
429,6.7,38,1,0.0,1,0,255,high
430,3.0,40,1,1.0,1,1,255,low
431,6.6,43,1,0.0,1,1,250,high
432,8.6,55,0,1.0,1,1,255,low
433,6.8,45,0,0.0,0,1,255,medium
434,6.8,45,0,1.0,1,1,255,high
435,6.5,38,1,0.0,0,0,255,medium
436,6.6,38,1,0.0,1,0,255,high
437,3.0,40,1,,1,1,255,low
438,9.0,43,1,0.0,1,1,250,low
439,6.8,40,1,0.0,1,0,245,medium
440,6.6,45,0,0.0,0,1,250,medium
441,6.5,36,0,0.0,1,0,255,medium
442,6.6,38,0,0.0,1,0,255,medium
443,6.8,45,1,1.0,1,1,245,high
444,6.5,55,1,0.0,1,0,246,low
445,6.8,36,0,1.0,1,0,253,high
446,8.5,70,0,0.0,0,0,246,low
447,6.8,40,1,0.0,1,0,245,medium
448,6.6,45,0,1.0,1,1,250,high
449,6.5,36,0,0.0,1,0,255,medium
450,4.5,38,0,,1,1,255,low
451,6.8,45,1,1.0,1,1,245,high
452,6.5,35,1,0.0,1,0,246,medium
453,6.8,36,0,1.0,1,0,253,high
454,8.5,70,0,0.0,0,0,246,low
455,6.6,50,0,0.0,0,0,255,low
456,6.8,45,1,1.0,1,0,245,high
457,9.5,34,1,1.0,0,1,255,low
458,6.5,37,0,0.0,0,0,255,medium
459,9.5,34,1,1.0,0,1,255,low
460,6.5,37,0,0.0,0,0,255,medium
461,6.6,37,1,1.0,1,1,255,high
462,5.5,45,1,0.0,1,1,250,low
463,4.5,60,0,1.0,1,1,250,low
464,8.1,66,1,0.0,1,1,255,low
465,6.7,45,1,1.0,0,0,247,medium
466,6.7,45,1,1.0,1,0,245,medium
467,5.6,50,0,1.0,1,1,255,low
468,6.6,35,0,1.0,1,1,255,high
469,7.4,90,1,,1,1,255,low
470,6.8,50,0,,1,0,255,low
471,6.5,38,1,0.0,1,0,255,medium
472,6.7,38,1,0.0,1,0,255,high
473,3.0,40,1,1.0,1,1,255,low
474,6.6,43,1,0.0,1,1,250,high
475,8.6,55,0,814674.0,1,1,255,low
476,6.8,45,0,0.0,0,1,255,medium
477,6.8,45,0,1.0,1,1,255,high
478,6.5,38,1,0.0,0,0,255,medium
479,6.6,38,1,0.0,1,0,255,high
480,3.0,40,1,1.0,1,1,255,low
481,9.0,43,1,0.0,1,1,250,low
482,6.8,40,1,0.0,1,0,245,medium
483,6.6,45,0,0.0,0,1,250,medium
484,6.5,36,0,0.0,1,0,255,medium
485,6.6,38,0,0.0,1,0,255,medium
486,6.8,45,1,1.0,1,1,245,high
487,6.5,55,1,0.0,1,0,246,low
488,6.8,36,0,,1,0,253,high
489,8.5,70,0,0.0,0,0,246,low
490,6.8,40,1,0.0,1,0,245,medium
491,6.6,45,0,1.0,1,1,250,high
492,6.5,36,0,0.0,1,0,255,medium
493,4.5,38,0,1.0,1,1,255,low
494,6.8,45,1,1.0,1,1,245,high
495,6.5,35,1,0.0,1,0,246,medium
496,6.8,36,0,1.0,1,0,253,high
497,8.5,70,0,0.0,0,0,246,low
498,6.8,34,0,0.0,0,1,240,medium
499,6.5,37,0,0.0,0,0,245,medium
500,6.6,37,1,0.0,1,0,255,high
501,6.8,45,0,1.0,0,0,240,medium
502,7.4,65,0,0.0,0,0,255,low
503,6.8,41,0,0.0,1,0,255,medium
504,6.5,38,1,1.0,1,1,255,high
505,6.6,38,0,0.0,0,0,255,medium
506,3.0,40,1,0.0,0,0,255,low
507,9.0,43,1,1.0,1,1,248,low
508,6.8,40,1,1.0,1,1,255,high
509,6.6,50,0,0.0,0,1,250,low
510,6.5,36,0,0.0,0,0,247,medium
511,6.6,50,0,0.0,0,0,255,low
512,6.8,45,1,1.0,1,0,245,high
513,9.5,34,1,1.0,0,1,255,low
514,6.5,37,0,0.0,0,0,255,medium
515,9.5,34,1,,0,1,255,low
516,6.5,37,0,0.0,0,0,255,medium
517,6.6,37,1,1.0,1,1,255,high
518,5.5,45,1,0.0,1,1,250,low
519,4.5,60,0,1.0,1,1,250,low
520,8.1,66,1,0.0,1,1,255,low
521,6.7,45,1,1.0,0,0,247,medium
522,6.7,45,1,1.0,1,0,245,medium
523,5.6,50,0,1.0,1,1,255,low
524,6.6,35,0,1.0,1,1,255,high
525,7.4,90,1,0.0,1,1,255,low
526,6.8,50,0,0.0,1,0,255,low
527,6.5,38,1,0.0,1,0,255,medium
528,6.7,41,1,0.0,0,0,247,medium
529,6.7,50,1,1.0,1,0,245,low
530,6.8,45,0,1.0,1,1,255,high
531,6.6,45,0,1.0,0,0,255,medium
532,7.4,65,0,0.0,0,0,255,low
533,6.8,41,0,0.0,0,0,255,medium
534,6.5,38,1,1.0,1,1,255,high
535,6.8,38,0,452435.0,0,0,255,medium
536,3.0,40,1,,0,0,255,low
537,9.0,43,1,1.0,1,1,248,low
538,6.8,40,1,1.0,1,1,255,high
539,6.6,50,0,0.0,0,1,250,low
540,6.5,36,0,820164.0,0,0,247,medium
541,6.6,38,0,0.0,0,0,255,medium
542,6.8,45,1,1.0,1,0,245,high
543,9.5,34,1,1.0,0,1,255,low
544,6.5,37,0,0.0,0,0,255,medium
545,6.6,37,1,1.0,1,1,255,high
546,5.5,45,1,0.0,1,1,250,low
547,6.5,40,1,0.0,0,0,250,medium
548,8.1,66,1,0.0,1,1,255,low
549,6.7,45,1,1.0,0,0,247,medium
550,6.7,38,1,0.0,1,0,255,high
551,3.0,40,1,1.0,1,1,255,low
552,6.8,43,1,0.0,1,0,250,high
553,8.6,55,0,1.0,1,1,255,low
554,6.8,55,0,0.0,0,1,255,low
555,6.8,45,0,1.0,1,1,255,high
556,6.5,38,1,0.0,0,0,255,medium
557,4.7,38,1,0.0,1,0,255,low
558,3.0,40,1,1.0,1,1,255,low
559,9.0,43,1,0.0,1,1,250,low
560,6.8,40,1,0.0,1,0,245,medium
561,6.6,45,0,1.0,1,1,250,high
562,6.5,36,0,0.0,1,0,255,medium
563,4.5,38,0,1.0,1,1,255,low
564,6.8,45,1,1.0,1,1,245,high
565,6.5,50,1,0.0,1,0,246,low
566,6.8,36,0,1.0,1,0,253,high
567,8.5,70,0,0.0,0,0,246,low
568,6.8,34,0,0.0,0,1,240,medium
569,6.5,37,0,274376.0,0,0,245,medium
570,6.6,37,1,0.0,1,0,255,high
571,6.8,45,0,1.0,0,0,240,medium
572,7.4,65,0,0.0,0,0,255,low
573,6.8,41,0,0.0,1,0,255,medium
574,6.5,38,1,1.0,1,1,255,high
575,6.6,38,0,0.0,0,0,255,medium
576,6.6,40,1,0.0,1,1,255,high
577,9.0,43,1,1.0,1,1,248,low
578,6.5,38,1,,1,0,255,medium
579,6.7,38,1,0.0,1,0,255,high
580,3.0,40,1,1.0,1,1,255,low
581,6.6,43,1,0.0,1,1,250,high
582,6.8,41,0,0.0,1,0,255,medium
583,6.5,38,1,1.0,1,1,255,high
584,6.6,38,0,0.0,0,0,255,medium
585,3.0,40,1,0.0,0,0,255,low
586,9.0,43,1,1.0,1,1,248,low
587,6.8,40,1,1.0,1,1,255,high
588,6.6,50,0,0.0,0,1,250,low
589,6.5,36,0,0.0,0,0,247,medium
590,6.6,50,0,0.0,0,0,255,low
591,6.8,45,1,1.0,1,0,245,high
592,9.5,34,1,1.0,0,1,255,low
593,6.5,37,0,0.0,0,0,255,medium
594,9.5,34,1,1.0,0,1,255,low
595,6.5,37,0,0.0,0,0,255,medium
596,6.6,37,1,1.0,1,1,255,high
597,5.5,45,1,0.0,1,1,250,low
598,4.5,60,0,1.0,1,1,250,low
599,8.1,66,1,0.0,1,1,255,low
600,6.7,45,1,1.0,0,0,247,medium
601,6.7,45,1,1.0,1,0,245,medium
602,5.6,50,0,1.0,1,1,255,low
603,6.6,35,0,1.0,1,1,255,high
604,7.4,90,1,0.0,1,1,255,low
605,6.8,50,0,0.0,1,0,255,low
606,6.5,38,1,0.0,1,0,255,medium
607,6.7,41,1,0.0,0,0,247,medium
608,6.7,50,1,1.0,1,0,245,low
609,6.8,45,0,1.0,1,1,255,high
610,6.6,45,0,1.0,0,0,255,medium
611,7.4,65,0,738863.0,0,0,255,low
612,6.8,41,0,0.0,0,0,255,medium
613,6.5,38,1,1.0,1,1,255,high
614,6.8,38,0,0.0,0,0,255,medium
615,3.0,40,1,0.0,0,0,255,low
616,9.0,43,1,1.0,1,1,248,low
617,6.8,40,1,1.0,1,1,255,high
618,6.6,50,0,0.0,0,1,250,low
619,6.5,36,0,0.0,0,0,247,medium
620,6.6,38,0,0.0,0,0,255,medium
621,6.8,45,1,1.0,1,0,245,high
622,9.5,34,1,,0,1,255,low
623,6.5,37,0,0.0,0,0,255,medium
624,6.6,37,1,1.0,1,1,255,high
625,5.5,45,1,0.0,1,1,250,low
626,6.5,40,1,0.0,0,0,250,medium
627,8.1,66,1,0.0,1,1,255,low
628,6.7,45,1,1.0,0,0,247,medium
629,6.7,38,1,0.0,1,0,255,high
630,3.0,40,1,1.0,1,1,255,low
631,6.8,43,1,0.0,1,0,250,high
632,8.6,55,0,1.0,1,1,255,low
633,6.8,55,0,0.0,0,1,255,low
634,6.8,45,0,1.0,1,1,255,high
635,6.5,38,1,538036.0,0,0,255,medium
636,4.7,38,1,0.0,1,0,255,low
637,3.0,40,1,1.0,1,1,255,low
638,9.0,43,1,0.0,1,1,250,low
639,6.8,40,1,0.0,1,0,245,medium
640,6.6,45,0,1.0,1,1,250,high
641,6.5,36,0,0.0,1,0,255,medium
642,4.5,38,0,1.0,1,1,255,low
643,6.8,45,1,1.0,1,1,245,high
644,6.5,50,1,0.0,1,0,246,low
645,6.8,36,0,1.0,1,0,253,high
646,8.5,70,0,0.0,0,0,246,low
647,6.8,34,0,0.0,0,1,240,medium
648,6.5,37,0,0.0,0,0,245,medium
649,6.6,37,1,0.0,1,0,255,high
650,6.8,45,0,1.0,0,0,240,medium
651,7.4,65,0,0.0,0,0,255,low
652,6.8,41,0,0.0,1,0,255,medium
653,6.5,38,1,1.0,1,1,255,high
654,6.6,38,0,0.0,0,0,255,medium
655,6.7,38,1,0.0,1,0,255,high
656,3.0,40,1,1.0,1,1,255,low
657,9.0,43,1,0.0,1,1,250,low
658,8.6,55,0,1.0,1,1,255,low
659,6.8,45,0,0.0,0,1,255,medium
660,6.8,45,0,1.0,1,1,255,high
661,6.5,38,1,0.0,0,0,255,medium
662,4.7,38,1,0.0,1,0,255,low
663,3.0,40,1,1.0,1,1,255,low
664,9.0,43,1,,1,1,250,low
665,6.8,40,1,670292.0,1,0,245,medium
666,6.5,37,0,0.0,0,0,255,medium
667,6.6,37,1,1.0,1,1,255,high
668,5.5,45,1,0.0,1,1,250,low
669,4.5,60,0,,1,1,250,low
670,8.1,66,1,0.0,1,1,255,low
671,6.7,45,1,1.0,0,0,247,medium
672,6.7,45,1,1.0,1,0,245,medium
673,5.6,50,0,1.0,1,1,255,low
674,8.6,55,0,1.0,1,1,255,low
675,7.4,90,1,0.0,1,1,255,low
676,6.8,45,0,0.0,1,0,255,medium
677,6.5,38,1,0.0,1,0,255,medium
678,6.7,38,1,0.0,1,0,255,high
679,3.0,40,1,1.0,1,1,255,low
680,9.0,43,1,0.0,1,1,250,low
681,8.6,55,0,1.0,1,1,255,low
682,6.8,45,0,0.0,0,1,255,medium
683,6.8,45,0,1.0,1,1,255,high
684,6.5,38,1,0.0,0,0,255,medium
685,4.7,38,1,0.0,1,0,255,low
686,3.0,40,1,1.0,1,1,255,low
687,9.0,43,1,0.0,1,1,250,low
688,6.8,40,1,0.0,1,0,245,medium
689,6.6,45,0,1.0,1,1,250,high
690,6.5,36,0,0.0,1,0,255,medium
691,4.5,38,0,1.0,1,1,255,low
692,6.8,45,1,1.0,1,1,245,high
693,6.5,35,1,0.0,1,0,246,medium
694,6.8,36,0,1.0,1,0,253,high
695,8.5,70,0,0.0,0,0,246,low
696,6.8,34,0,0.0,0,1,240,medium
697,6.5,37,0,0.0,0,0,245,medium
698,6.6,37,1,0.0,1,0,255,high
699,6.8,45,0,1.0,0,0,240,medium
700,7.4,65,0,0.0,0,0,255,low
701,6.8,41,0,792987.0,1,0,255,medium
702,6.5,38,1,1.0,1,1,255,high
703,6.6,38,0,0.0,0,0,255,medium
704,3.0,40,1,0.0,0,0,255,low
705,9.0,43,1,1.0,1,1,248,low
706,6.5,38,1,0.0,1,0,255,medium
707,6.7,38,1,0.0,1,0,255,high
708,3.0,40,1,1.0,1,1,255,low
709,6.6,43,1,0.0,1,1,250,high
710,8.6,55,0,1.0,1,1,255,low
711,6.8,45,0,0.0,0,1,255,medium
712,6.8,45,0,1.0,1,1,255,high
713,6.5,38,1,0.0,0,0,255,medium
714,6.6,38,1,0.0,1,0,255,high
715,3.0,40,1,1.0,1,1,255,low
716,9.0,43,1,0.0,1,1,250,low
717,6.8,40,1,0.0,1,0,245,medium
718,6.6,45,0,0.0,0,1,250,medium
719,6.5,36,0,0.0,1,0,255,medium
720,6.8,45,0,1.0,1,1,255,high
721,6.5,38,1,0.0,0,0,255,medium
722,4.7,38,1,0.0,1,0,255,low
723,3.0,40,1,1.0,1,1,255,low
724,9.0,43,1,0.0,1,1,250,low
725,6.8,40,1,0.0,1,0,245,medium
726,6.6,45,0,,1,1,250,high
727,6.5,36,0,0.0,1,0,255,medium
728,4.5,38,0,1.0,1,1,255,low
729,6.8,45,1,1.0,1,1,245,high
730,5.5,45,1,0.0,1,1,250,low
731,4.5,60,0,1.0,1,1,250,low
732,8.1,66,1,0.0,1,1,255,low
733,6.7,45,1,1.0,0,0,247,medium
734,6.7,45,1,221527.0,1,0,245,medium
735,5.6,50,0,1.0,1,1,255,low
736,6.6,35,0,1.0,1,1,255,high
737,7.4,90,1,0.0,1,1,255,low
738,6.8,50,0,0.0,1,0,255,low
739,6.5,38,1,0.0,1,0,255,medium
740,6.7,41,1,0.0,0,0,247,medium
741,6.7,50,1,1.0,1,0,245,low
742,6.8,45,0,1.0,1,1,255,high
743,8.6,55,0,1.0,0,0,255,low
744,7.4,65,0,0.0,0,0,255,low
745,6.8,41,0,0.0,0,0,255,medium
746,6.5,38,1,,1,1,255,high
747,6.8,38,0,0.0,0,0,255,medium
748,3.0,40,1,0.0,0,0,255,low
749,9.0,43,1,1.0,1,1,248,low
750,6.8,40,1,1.0,1,1,255,high
751,6.6,45,0,0.0,0,1,250,medium
752,6.5,36,0,0.0,0,0,247,medium
753,6.6,38,0,0.0,0,0,255,medium
754,6.8,45,1,1.0,1,0,245,high
755,9.5,34,1,1.0,0,1,255,low
756,6.5,37,0,0.0,0,0,255,medium
757,6.6,37,1,1.0,1,1,255,high
758,5.5,45,1,0.0,1,1,250,low
759,4.5,60,0,1.0,1,1,250,low
760,8.1,66,1,0.0,1,1,255,low
761,6.7,45,1,1.0,0,0,247,medium
762,6.7,45,1,1.0,1,0,245,medium
763,5.6,50,0,1.0,1,1,255,low
764,8.6,55,0,1.0,1,1,255,low
765,7.4,90,1,0.0,1,1,255,low
766,6.8,45,0,0.0,1,0,255,medium
767,6.5,38,1,0.0,1,0,255,medium
768,6.7,38,1,0.0,1,0,255,high
769,3.0,40,1,1.0,1,1,255,low
770,9.0,43,1,0.0,1,1,250,low
771,8.6,55,0,1.0,1,1,255,low
772,6.8,45,0,,0,1,255,medium
773,6.8,45,0,1.0,1,1,255,high
774,6.5,38,1,0.0,0,0,255,medium
775,4.7,38,1,0.0,1,0,255,low
776,3.0,40,1,1.0,1,1,255,low
777,9.0,43,1,0.0,1,1,250,low
778,6.8,40,1,640920.0,1,0,245,medium
779,6.5,37,0,0.0,0,0,255,medium
780,6.6,37,1,1.0,1,1,255,high
781,5.5,45,1,0.0,1,1,250,low
782,4.5,60,0,1.0,1,1,250,low
783,8.1,66,1,0.0,1,1,255,low
784,6.7,45,1,1.0,0,0,247,medium
785,6.7,45,1,1.0,1,0,245,medium
786,5.6,50,0,1.0,1,1,255,low
787,8.6,55,0,1.0,1,1,255,low
788,7.4,90,1,0.0,1,1,255,low
789,6.8,45,0,0.0,1,0,255,medium
790,6.5,38,1,0.0,1,0,255,medium
791,6.7,38,1,0.0,1,0,255,high
792,3.0,40,1,1.0,1,1,255,low
793,9.0,43,1,0.0,1,1,250,low
794,8.6,55,0,1.0,1,1,255,low
795,6.8,45,0,710986.0,0,1,255,medium
796,6.8,45,0,1.0,1,1,255,high
797,6.5,38,1,0.0,0,0,255,medium
798,4.7,38,1,0.0,1,0,255,low
799,3.0,40,1,1.0,1,1,255,low
800,9.0,43,1,0.0,1,1,250,low
801,6.8,40,1,0.0,1,0,245,medium
802,6.6,45,0,1.0,1,1,250,high
803,6.5,36,0,0.0,1,0,255,medium
804,4.5,38,0,1.0,1,1,255,low
805,6.8,45,1,1.0,1,1,245,high
806,6.5,35,1,0.0,1,0,246,medium
807,6.8,36,0,1.0,1,0,253,high
808,8.5,70,0,0.0,0,0,246,low
809,6.8,34,0,0.0,0,1,240,medium
810,6.5,37,0,0.0,0,0,245,medium
811,6.6,37,1,0.0,1,0,255,high
812,6.8,45,0,1.0,0,0,240,medium
813,7.4,65,0,0.0,0,0,255,low
814,6.8,41,0,0.0,1,0,255,medium
815,6.5,38,1,1.0,1,1,255,high
816,6.6,38,0,0.0,0,0,255,medium
817,3.0,40,1,0.0,0,0,255,low
818,9.0,43,1,1.0,1,1,248,low
819,6.5,38,1,0.0,1,0,255,medium
820,6.7,38,1,0.0,1,0,255,high
821,6.6,40,0,260035.0,0,0,255,medium
822,6.6,43,1,0.0,1,1,250,high
823,8.6,55,0,1.0,1,1,255,low
824,6.8,45,0,0.0,0,1,255,medium
825,6.8,45,0,1.0,1,1,255,high
826,6.5,38,1,0.0,0,0,255,medium
827,6.6,38,1,0.0,1,0,255,high
828,3.0,40,1,1.0,1,1,255,low
829,9.0,43,1,0.0,1,1,250,low
830,6.8,40,1,0.0,1,0,245,medium
831,6.6,45,0,1.0,1,1,250,high
832,6.5,36,0,0.0,1,0,255,medium
833,6.8,45,0,1.0,1,1,255,high
834,6.5,38,1,0.0,0,0,255,medium
835,4.7,38,1,0.0,1,0,255,low
836,3.0,40,1,1.0,1,1,255,low
837,9.0,43,1,0.0,1,1,250,low
838,6.8,40,1,0.0,1,0,245,medium
839,6.6,45,0,1.0,1,1,250,high
840,6.5,36,0,0.0,1,0,255,medium
841,4.5,38,0,1.0,1,1,255,low
842,6.8,45,1,1.0,1,1,245,high
843,6.5,35,1,0.0,1,0,246,medium
844,6.8,36,0,1.0,1,0,253,high
845,8.5,70,0,0.0,0,0,246,low
846,6.8,34,0,0.0,0,1,240,medium
847,6.5,37,0,1.0,1,1,245,low
848,6.6,37,1,0.0,1,0,255,high
849,6.8,45,0,1.0,0,0,240,medium
850,7.4,65,0,0.0,0,0,255,low
851,6.8,41,0,0.0,1,0,255,medium
852,6.5,38,1,1.0,1,1,255,high
853,6.6,38,0,0.0,0,0,255,medium
854,3.0,40,1,0.0,0,0,255,low
855,9.0,43,1,1.0,1,1,248,low
856,6.8,40,1,1.0,1,1,255,high
857,6.6,50,0,0.0,0,1,250,low
858,6.5,36,0,0.0,0,0,247,medium
859,6.6,50,0,0.0,0,0,255,low
860,6.8,45,1,,1,0,245,high
861,6.6,40,1,0.0,0,0,255,medium
862,9.0,43,1,1.0,1,1,248,low
863,6.8,40,1,1.0,1,1,255,high
864,6.6,50,0,0.0,0,1,250,low
865,6.5,36,0,0.0,0,0,247,medium
866,6.6,38,0,0.0,0,0,255,medium
867,6.8,45,1,1.0,1,0,245,high
868,9.5,34,1,1.0,0,1,255,low
869,6.5,37,0,0.0,0,0,255,medium
870,6.6,37,1,1.0,1,1,255,high
871,5.5,45,1,0.0,1,1,250,low
872,6.5,40,1,0.0,0,0,250,medium
873,8.1,66,1,0.0,1,1,255,low
874,6.7,45,1,1.0,0,0,247,medium
875,6.7,38,1,0.0,1,0,255,high
876,3.0,40,1,60376.0,1,1,255,low
877,6.8,43,1,0.0,1,0,250,high
878,8.6,55,0,1.0,1,1,255,low
879,6.8,55,0,0.0,0,1,255,low
880,6.8,45,0,1.0,1,1,255,high
881,6.5,38,1,0.0,0,0,255,medium
882,4.7,38,1,0.0,1,0,255,low
883,6.6,40,1,1.0,1,1,255,high
884,9.0,43,1,0.0,1,1,250,low
885,6.8,40,1,0.0,1,0,245,medium
886,6.6,45,0,1.0,1,1,250,high
887,6.5,36,0,0.0,1,0,255,medium
888,4.5,38,0,1.0,1,1,255,low
889,6.8,45,1,1.0,1,1,245,high
890,6.5,50,1,0.0,1,0,246,low
891,6.6,37,1,0.0,1,0,255,high
892,6.8,45,0,880387.0,0,0,240,medium
893,7.4,65,0,0.0,0,0,255,low
894,6.8,41,0,0.0,1,0,255,medium
895,6.5,38,1,1.0,1,1,255,high
896,6.6,38,0,0.0,0,0,255,medium
897,6.7,38,1,0.0,1,0,255,high
898,3.0,40,1,1.0,1,1,255,low
899,6.6,43,0,0.0,1,0,250,medium
900,8.6,55,0,1.0,1,1,255,low
901,6.8,45,0,0.0,0,1,255,medium
902,6.8,45,0,1.0,1,1,255,high
903,6.5,38,1,0.0,0,0,255,medium
904,4.7,38,1,0.0,1,0,255,low
905,3.0,40,1,1.0,1,1,255,low
906,9.0,43,1,0.0,1,1,250,low
907,6.8,40,1,0.0,1,0,245,medium
908,6.5,37,0,0.0,0,0,255,medium
909,6.6,37,1,1.0,1,1,255,high
910,5.5,45,1,0.0,1,1,250,low
911,6.5,40,0,0.0,1,0,250,medium
912,8.1,66,1,0.0,1,1,255,low
913,6.7,45,1,1.0,0,0,247,medium
914,6.7,45,1,1.0,1,0,245,medium
915,5.6,50,0,1.0,1,1,255,low
916,8.6,55,0,,1,1,255,low
917,6.7,41,1,0.0,0,0,247,medium
918,6.7,50,1,1.0,1,0,245,low
919,6.8,45,0,,1,1,255,high
920,8.6,55,0,1.0,0,0,255,low
921,7.4,65,0,0.0,0,0,255,low
922,6.8,41,0,0.0,0,0,255,medium
923,6.5,38,1,1.0,1,1,255,high
924,6.8,38,0,0.0,0,0,255,medium
925,3.0,40,1,0.0,0,0,255,low
926,9.0,43,1,1.0,1,1,248,low
927,6.8,40,1,1.0,1,1,255,high
928,6.6,45,0,0.0,0,1,250,medium
929,6.5,36,0,0.0,0,0,247,medium
930,6.6,38,0,1.0,1,1,255,high
931,6.8,45,1,1.0,1,0,245,high
932,9.5,34,1,1.0,0,1,255,low
933,6.5,37,0,0.0,0,0,255,medium
934,6.6,37,1,1.0,1,1,255,high
935,5.5,45,1,0.0,1,1,250,low
936,4.5,60,0,1.0,1,1,250,low
937,8.1,66,1,0.0,1,1,255,low
938,6.7,45,1,1.0,0,0,247,medium
939,6.7,45,1,1.0,1,0,245,medium
940,5.6,50,0,1.0,1,1,255,low
941,8.6,55,0,1.0,1,1,255,low
942,6.6,45,1,0.0,0,1,255,medium
943,9.0,43,1,0.0,1,1,250,low
944,6.8,40,1,0.0,1,0,245,medium
945,6.6,45,0,1.0,1,1,250,high
946,6.5,36,0,0.0,1,0,255,medium
947,4.5,38,0,1.0,1,1,255,low
948,6.8,45,1,1.0,1,1,245,high
949,6.5,35,1,0.0,1,0,246,medium
950,6.8,36,0,1.0,1,0,253,high
951,8.5,70,0,0.0,0,0,246,low
952,6.8,34,0,0.0,0,1,240,medium
953,6.5,37,0,0.0,0,0,245,medium
954,6.6,37,1,0.0,1,0,255,high
955,6.8,45,0,1.0,0,0,240,medium
956,7.4,65,0,0.0,0,0,255,low
957,6.8,41,1,1.0,1,0,255,high
958,6.5,38,1,1.0,1,1,255,high
959,6.6,38,0,0.0,0,0,255,medium
960,3.0,40,1,0.0,0,0,255,low
961,9.0,43,1,1.0,1,1,248,low
962,6.5,38,1,0.0,1,0,255,medium
963,6.7,38,1,0.0,1,0,255,high
964,3.0,40,1,1.0,1,1,255,low
965,6.6,43,1,0.0,1,1,250,high
966,8.6,55,0,1.0,1,1,255,low
967,6.5,40,1,0.0,0,0,250,medium
968,8.1,66,1,0.0,1,1,255,low
969,6.7,45,1,1.0,0,0,247,medium
970,6.7,38,1,0.0,1,0,255,high
971,3.0,40,1,1.0,1,1,255,low
972,6.8,43,1,0.0,1,0,250,high
973,8.6,55,0,1.0,1,1,255,low
974,6.8,55,0,0.0,0,1,255,low
975,6.8,45,0,1.0,1,1,255,high
976,6.5,38,1,0.0,0,0,255,medium
977,4.7,38,1,547632.0,1,0,255,low
978,3.0,40,1,1.0,1,1,255,low
979,9.0,43,1,0.0,1,1,250,low
980,6.8,40,1,0.0,1,0,245,medium
981,6.6,45,0,1.0,1,1,250,high
982,6.5,36,0,0.0,1,0,255,medium
983,4.5,38,0,1.0,1,1,255,low
984,6.8,45,1,1.0,1,1,245,high
985,6.5,45,1,0.0,0,0,246,medium
986,6.8,36,0,1.0,1,0,253,high
987,8.5,70,0,0.0,0,0,246,low
988,6.8,34,0,0.0,0,1,240,medium
989,6.5,37,0,0.0,0,0,245,medium
990,6.6,37,1,0.0,1,0,255,high
991,6.8,45,0,1.0,0,0,240,medium
992,7.4,65,0,0.0,0,0,255,low
993,6.8,41,0,0.0,1,0,255,medium
994,6.5,38,1,1.0,1,1,255,high
995,6.6,38,0,0.0,0,0,255,medium
996,6.7,38,1,0.0,1,0,255,high
997,3.0,40,1,1.0,1,1,255,low
998,6.6,43,0,0.0,0,1,250,medium
999,8.6,55,0,1.0,1,1,255,low
1000,6.8,45,0,0.0,0,1,255,medium
1001,6.8,45,0,1.0,1,1,255,high
1002,6.5,38,1,0.0,0,0,255,medium
1003,4.7,38,1,0.0,1,0,255,low
1004,3.0,40,1,1.0,1,1,255,low
1005,9.0,43,1,0.0,1,1,250,low
1006,6.8,40,1,0.0,1,0,245,medium
1007,6.5,37,0,0.0,0,0,255,medium
1008,3.0,40,1,1.0,1,1,255,low
1009,9.0,43,1,0.0,1,1,250,low
1010,6.8,40,1,0.0,1,0,245,medium
1011,6.6,45,0,1.0,1,1,250,high
1012,6.5,36,0,0.0,1,0,255,medium
1013,6.8,45,0,1.0,1,1,255,high
1014,6.5,38,1,0.0,0,0,255,medium
1015,4.7,38,1,0.0,1,0,255,low
1016,3.0,40,1,1.0,1,1,255,low
1017,9.0,43,1,0.0,1,1,250,low
1018,6.8,40,1,0.0,1,0,245,medium
1019,6.6,45,0,1.0,1,1,250,high
1020,6.5,36,0,0.0,1,0,255,medium
1021,4.5,38,0,1.0,1,1,255,low
1022,6.8,45,1,1.0,1,1,245,high
1023,6.5,35,1,0.0,1,0,246,medium
1024,6.8,36,0,1.0,1,0,253,high
1025,8.5,70,0,0.0,0,0,246,low
1026,6.8,34,0,0.0,0,1,240,medium
1027,6.5,37,0,1.0,1,1,245,low
1028,6.6,37,1,0.0,1,0,255,high
1029,6.8,45,0,1.0,0,0,240,medium
1030,7.4,65,0,0.0,0,0,255,low
1031,6.8,41,0,0.0,1,0,255,medium
1032,6.5,38,1,,1,1,255,high
1033,6.6,38,0,0.0,0,0,255,medium
1034,3.0,40,1,0.0,0,0,255,low
1035,9.0,43,1,1.0,1,1,248,low
1036,6.8,40,1,1.0,1,1,255,high
1037,6.6,50,0,0.0,0,1,250,low
1038,6.5,36,0,0.0,0,0,247,medium
1039,6.6,50,0,0.0,0,0,255,low
1040,6.8,45,1,1.0,1,0,245,high
1041,6.6,40,1,0.0,0,0,255,medium
1042,9.0,43,1,1.0,1,1,248,low
1043,6.8,40,1,1.0,1,1,255,high
1044,6.6,50,0,0.0,0,1,250,low
1045,6.5,36,0,0.0,0,0,247,medium
1046,6.6,38,0,0.0,0,0,255,medium
1047,6.8,45,1,1.0,1,0,245,high
1048,9.5,34,1,1.0,0,1,255,low
1049,6.5,37,0,0.0,0,0,255,medium
1050,6.6,37,1,1.0,1,1,255,high
1051,5.5,45,1,0.0,1,1,250,low
1052,6.5,40,1,0.0,0,0,250,medium
1053,8.1,66,1,0.0,1,1,255,low
1054,6.7,45,1,1.0,0,0,247,medium
1055,6.7,38,1,0.0,1,0,255,high
1056,3.0,40,1,1.0,1,1,255,low
1057,6.8,43,1,0.0,1,0,250,high
1058,8.6,55,0,1.0,1,1,255,low
